id	text	buttons	intents	sounds	image
0	Добро пожаловать в образовательный, но безумно интересный интерактивный навык 'Игра в любовь'! ENTER  ENTER Общайся с разными парнями — как в переписке, так и в живом общении. Выбирай того, кто тебе больше по душе. ENTER  ENTER Или узнай новые термины из психологии отношений — на понятном языке и, конечно, с мемами.  ENTER  ENTER  С чего начнем?	[('Правила', 1, False), ('Симулятор отношений', 3, True), ('Азбука любви', 4, True)]	[('YANDEX.HELP', 1), ('RULES', 1)]		
1	Возникли вопросы о том, как проходить навык? Постараемся ответить на основные. ENTER  ENTER Симулятор отношений: тут все просто:) Смотри варианты ответа на кнопках и давай ответ голосом или текстом. А лучше всего просто нажимать на кнопку! ENTER  ENTER Азбука любви: здесь тебе предстоит написать или сказать любую букву алфавита. В соответствии с ними тебе будет показана картинка и пояснение. ENTER  ENTER Также в любой момент игры ты можешь начать проходить навык заново, написав или сказав «Начать сначала». ENTER  ENTER Приятной игры!				
2					
3	Это часть навыка 'Игра в любовь'. ENTER  ENTER Симулятор отношений — это небольшая новелла, которая поможет тебе в тренировке общения с разными парнями. Какой тип привязанности? Любовь или созависимость? Абьюз или жертвенность?... Что же ждет тебя дальше и кого ты выберешь для дальнейших отношений?	[('Начать', 5, True)]			
4	Это часть навыка "Игра в любовь". ENTER  ENTER Азбука любви — это сборник по психологии отношений простым и понятным языком с мемами к каждому слову. Просто напиши любую букву алфавита, и я выдам тебе определение конкретного слова.				
5	Пятница. Ты привычно заходишь на кухню, наливаешь себе стакан воды, чистишь мандарин и расслабленно садишься на диван в гостиной. Ноги в позе лотоса, комфортная одежда и снегопад за окном —  что может быть лучше? ENTER  ENTER 'Лучше может быть делить это все с кем-то' — отвечаешь ты про себя на свои же мысли. Так хочется найти кого-то! Иногда правда бывает одиноко. ENTER  ENTER Чем же заняться?	[('Посмотреть сериал', 6, True), ('Зайти в приложение знакомств', 7, True)]			
6	Ты бездумно тыкнула на первый сериал от онлайн-кинотеатра. ENTER  ENTER Какой же красивый актер! Ты решила поискать кого-нибудь для свидания.	[('Найти пару для свидания', 7, True)]			
7	Ты открыла приложение для знакомств. Вдруг кто-нибудь приглянется?	[('Перейти к анкетам', 8, True)]			
8		[('Начать общение', 13, True), ('К следующей анкете', 9, True)]		<speaker audio="dialogs-upload/38334484-8b3e-4b9d-adf1-20fd5ac5ed62/77379b78-9985-4f13-8456-0050ae6924e0.opus">	1030494/ce9a9a4c73764db02f60
9		[('Начать общение', 185, True), ('К следующей анкете', 10, True)]		<speaker audio="dialogs-upload/38334484-8b3e-4b9d-adf1-20fd5ac5ed62/77379b78-9985-4f13-8456-0050ae6924e0.opus">	213044/49278a8cb88b0d5ef747
10		[('Начать общение', 106, True), ('К следующей анкете', 11, True)]		<speaker audio="dialogs-upload/38334484-8b3e-4b9d-adf1-20fd5ac5ed62/77379b78-9985-4f13-8456-0050ae6924e0.opus">	213044/11edf0a8dade40fc8113
11		[('Начать общение', 272, True), ('К следующей анкете', 12, True)]		<speaker audio="dialogs-upload/38334484-8b3e-4b9d-adf1-20fd5ac5ed62/77379b78-9985-4f13-8456-0050ae6924e0.opus">	213044/ace08f1ee686d4cd1033
12		[('Начать общение', 212, True), ('К следующей анкете', 8, True)]		<speaker audio="dialogs-upload/38334484-8b3e-4b9d-adf1-20fd5ac5ed62/77379b78-9985-4f13-8456-0050ae6924e0.opus">	213044/39f79bb6b2b9d425b7b8
13	Привет, чего ищешь тут?)	[('Не знаю...', 14, True), ('Ищу спутника своей жизни', 33, True)]		<speaker audio='dialogs-upload/dac67646-ec75-40ac-8893-220733574ab8/ceab53b7-64ce-4469-b3b9-b271d1928815.opus'>	
14	Понятно) А почему тогда решила зарегистрироваться здесь?	[('Пообщаться с новыми людьми', 15, True), ('Сказала же, не знаю', 29, True)]			
15	Тааак, и все?)	[('Возможно, повезет найти любовь', 16, True)]			
16	Выбери действие:	[('Задать вопрос', 17, True), ('Ждать ответ', 29, True)]		<speaker audio='dialogs-upload/dac67646-ec75-40ac-8893-220733574ab8/b1c4b96d-a35f-4f4b-a563-82649d22a1ec.opus'>	
17	Выбери, какой вопрос задать:	[('А ты тут какими судьбами?)', 18, True), ('Видела, ты был на выставке?', 25, True)]			
18	Мы с тобой идеально сошлись по целям) Я в поисках девушки для долгосрочных отношений. Расскажешь, что для тебя важно в мужчинах?	[('Умение заботиться о девушке', 19, True), ('Главное, чтоб был обеспеченный', 24, True)]			
19	Это я умею)	[('А также дарят приятные эмоции)', 20, True)]			
20	Я люблю радовать дорогих мне людей. Думаю, при встрече со мной ты это поймешь) Кстати, что думаешь насчет свидания в субботу в 13?	[('Идея отличная', 21, True), ('Свидание? У меня много дел...', 24, True)]			
21	Предложи место встречи:	[('Давай в кафе Вкусняшкино)', 22, True)]			
22	Да, хороший выбор) Договорились	[('Супер) До встречи!', 23, True)]			
23	Поздравляем, ты на свидании!	[('Начать свидание', 34, True)]		<speaker audio='dialogs-upload/dac67646-ec75-40ac-8893-220733574ab8/4189fbda-cb40-4414-bf1f-46c810d49e3c.opus'>	
24	Алексей счел ваш ответ странным с учетом заявленных тобой целей. Он настроен серьезно на поиск отношений, поэтому решил прекратить общение.	[('Попробовать еще раз с Алексеем', 13, True), ('Перейти к другим анкетам', 7, True), ('Выйти с сайта знакомств', 0, True)]		<speaker audio='dialogs-upload/dac67646-ec75-40ac-8893-220733574ab8/85122b02-8fe7-41e8-948c-b22e7808e8b7.opus'>	
25	А ты внимательная. Да, у меня здесь есть фотография с фотовыставки)	[('Ты увлекаешься искусством?', 26, True)]			
26	Да, в свободное время я люблю фотографировать. Решил сходить на выставку с друзьями и вдохновиться) Что насчет тебя?	[('Хожу на модные выставки иногда', 27, True), ('Люблю исторические выставки', 27, True)]			
27	Ух ты, это интересно!	[('Может сходим как-нибудь вместе', 28, True)]			
28	Было бы здорово) Но сначала предлагаю устроить свидание в более располагающей для общения обстановке. что думаешь насчет свидания в субботу в 13?	[('Идея отличная', 21, True), ('Свидание? У меня много дел...', 24, True)]			
29	Понятненько. Кстати, как ты относишься к искусству?	[('Хожу на модные выставки иногда', 27, True), ('Люблю исторические выставки', 27, True), ('Нормально', 30, True)]			
30	Расскажешь подробнее?) Какое именно искусство любишь?	[('Мне лень', 24, True), ('Я обожаю сферу моды)', 31, True), ('Очень люблю историю)', 31, True)]			
31	Мне нравятся девушки, которые интересуются и увлечены чем-то	[('Видела, ты был на выставке?', 25, True)]			
32	А ты внимательная. Да, у меня здесь есть фотография с фотовыставки) В свободное время я люблю фотографировать. Вот хожу, вдохновляюсь. Кстати, что думаешь насчет свидания в субботу в 13?	[('Идея отличная', 21, True), ('Свидание? У меня много дел...', 24, True)]			
33	Выбери действие:	[('Задать вопрос', 17, True), ('Ждать ответ', 29, True)]		<speaker audio='dialogs-upload/dac67646-ec75-40ac-8893-220733574ab8/b1c4b96d-a35f-4f4b-a563-82649d22a1ec.opus'>	
34	Привет, отлично выглядишь. Как твои дела?	[('Спасибо! Неплохо', 35, True), ('Вообще-то плохо', 95, True)]		<speaker audio='dialogs-upload/dac67646-ec75-40ac-8893-220733574ab8/da6e73c3-6f2e-4dad-8331-ed61300d5263.opus'>	
35	Выбери действие:	[('Задать вопрос', 36, True), ('Промолчать', 72, True)]			
36	Задай вопрос:	[('А ты как? Выглядишь довольным', 37, True)]			
37	Да, потому что у меня свидание с прекрасной девушкой. День тоже был неплохой)	[('И я рада! Что делал?', 38, True)]			
38	Хорошо) Я сегодня ходил на премьеру приквела 'Голодных игр'. Ты смотрела?	[('Нет', 39, True)]			
39	Выбери действие:	[('Задать вопрос', 40, True), ('Промолчать', 58, True)]			
40	Задай вопрос:	[('А тебе как кино? Думаю сходить', 41, True)]			
41	Мне очень понравился. Не ожидал такого сюжета, конечно. Но тем и интереснее было	[('Какое еще кино тебе нравится?', 42, True)]			
42	Обожаю комедии и боевики. Самый любимый фильм — это 'Шоу Трумана'. Что насчет тебя?	[('А мой любимый — Гарри Поттер!', 43, True), ('По-моему, дурацкий фильм', 55, True)]			
43	Дааа, Гарри Поттер имеет свою волшебную атмосферу. Очень хорошая серия фильмов	[('Узнать результаты свидания', 44, True)]			
44	Вы пообщались еще полчаса, но потом тебе нужно было идти. И у тебя, и у Алексея остались самые приятные эмоции о вашей встрече.	[('Выбрать спутником жизни', 45, True), ('Перейти к другим анкетам', 7, True), ('Попробовать еще раз с Алексеем', 13, True)]			
45	Поздравляем, Алексей тоже выбрал тебя	[('Уже 2 месяца в отношениях...', 46, True)]		<speaker audio='dialogs-upload/dac67646-ec75-40ac-8893-220733574ab8/4189fbda-cb40-4414-bf1f-46c810d49e3c.opus'>	
46	Вы в отношениях уже 2 месяца. У вас все отлично. Вы прислушиваетесь друг к другу, идете на компромиссы, если это необходимо. У вас здоровые отношения. Ты счастлива с этим мужчиной и благодарна, что однажды зашла на сайт знакомств.	[('Оставаться в отношениях', 47, True), ('Расстаться с Алексеем', 51, True)]		<speaker audio='dialogs-upload/dac67646-ec75-40ac-8893-220733574ab8/04c38ed3-779f-43bc-9b38-8bff19760a05.opus'>	
47	Узнать характеристику героя?	[('Да', 48, True), ('Нет', 50, True)]			
48	У Алексея надежный тип привязанности. В детстве родители ответственно относились к воспитанию такого ребенка, учитывали его желания, эмоции, давали поддержку тогда, когда это необходимо. Также к надежному типу можно придти со временем. Например, после сессий с психологом.	[('Больше про надежный тип', 49, True)]			
49	С такими партнерами в отношениях не нужно постоянно доказывать свою любовь. Они не пытаются закрывать свои потребности за счет других людей, поэтому также не сближаются с людьми, которые хотят построить отношения на основе выгоды. Люди с надежным типом привязанности - единственные полноценные партнеры.	[('Выйти с сайта знакомств', 0, True), ('Попробовать еще раз с Алексеем', 13, True)]			
50	Выбери действие:	[('Выйти с сайта знакомств', 0, True), ('Попробовать еще раз с Алексеем', 13, True)]			
51	Узнать характеристику героя?	[('Да', 52, True), ('Нет', 54, True)]			
52	У Алексея надежный тип привязанности. В детстве родители ответственно относились к воспитанию такого ребенка, учитывали его желания, эмоции, давали поддержку тогда, когда это необходимо. Также к надежному типу можно придти со временем. Например, после сессий с психологом.	[('Больше про надежный тип', 53, True)]			
53	С такими партнерами в отношениях не нужно постоянно доказывать свою любовь. Они не пытаются закрывать свои потребности за счет других людей, поэтому также не сближаются с людьми, которые хотят построить отношения на основе выгоды. Люди с надежным типом привязанности - единственные полноценные партнеры.	[('Перейти к другим анкетам', 7, True), ('Выйти с сайта знакомств', 0, True), ('Попробовать еще раз с Алексеем', 13, True)]			
54	Выбери действие:	[('Перейти к другим анкетам', 7, True), ('Выйти с сайта знакомств', 0, True), ('Попробовать еще раз с Алексеем', 13, True)]			
55	Ну... о вкусах не спорят. Давай лучше в следующий раз без таких комментариев	[('Узнать результаты свидания', 56, True)]			
56	Вы пообщались еще полчаса, но потом тебе нужно было идти. У Алексея остались приятные впечатления о тебе. Смутил только факт оскорбления его интересов. Из-за  того, что и до, и после этого у вас была очень приятная беседа, ты проявляла интерес, это не сыграло для него решающей роли. Но он надеется, что больше такого не произойдет.	[('Выбрать спутником жизни', 57, True), ('Перейти к другим анкетам', 7, True), ('Попробовать еще раз с Алексеем', 13, True)]			
57	К сожалению, Алексей еще не готов к отношениям с тобой	[('Выйти с сайта знакомств', 0, True), ('Перейти к другим анкетам', 7, True), ('Попробовать еще раз с Алексеем', 13, True)]		<speaker audio='dialogs-upload/dac67646-ec75-40ac-8893-220733574ab8/85122b02-8fe7-41e8-948c-b22e7808e8b7.opus'>	
58	А когда вообще была в кино последний раз и на каком фильме?	[('Не помню', 59, True), ('Не помню, что-то о любви', 59, True)]			
59	Выбери действие:	[('Задать вопрос', 60, True), ('Промолчать', 67, True)]			
60	Задай вопрос:	[('Какое кино тебе нравится?', 61, True)]			
61	Почему именно это решила спросить?)	[('Интересно, совпадают ли вкусы', 62, True)]			
62	Обожаю комедии и боевики. Самый любимый фильм — это 'Шоу Трумана'. Что насчет тебя?	[('А мой любимый —  Гарри Поттер!', 63, True), ('По-моему, дурацкий фильм', 65, True)]			
63	Дааа, Гарри Поттер имеет свою волшебную атмосферу. Очень хорошая серия фильмов	[('Узнать результаты свидания', 64, True)]			
64	Вы пообщались еще полчаса, но потом тебе нужно было идти. И у тебя, и у Алексея остались самые приятные эмоции о вашей встрече.	[('Выбрать спутником жизни', 45, True), ('Перейти к другим анкетам', 7, True), ('Попробовать еще раз с Алексеем', 13, True)]			
65	Ну... о вкусах не спорят. Давай лучше в следующий раз без таких комментариев	[('Узнать результаты свидания', 66, True)]			
66	Вы пообщались еще полчаса, но потом тебе нужно было идти. У Алексея остались приятные впечатления о тебе. Смутил только факт оскорбления его интересов. Из-за того, что и до, и после этого у вас была очень приятная беседа, ты проявляла интерес, это не сыграло для него решающей роли. Но он надеется, что больше такого не произойдет	[('Выбрать спутником жизни', 57, True), ('Перейти к другим анкетам', 7, True), ('Попробовать еще раз с Алексеем', 13, True)]			
67	Обычно я предпочитаю другие фильмы: комедии и боевики. Самый любимый фильм — это 'Шоу Трумана'. Что насчет тебя?	[('А мой любимый —  Гарри Поттер!', 68, True), ('По-моему, дурацкий фильм', 70, True)]			
68	Дааа, Гарри Поттер имеет свою волшебную атмосферу. Очень хорошая серия фильмов	[('Узнать результаты свидания', 69, True)]			
69	Вы пообщались еще полчаса, но потом тебе нужно было идти. В целом Алексея остались приятные впечатления о тебе, но не об этой встрече. Смутил  факт того, что ты была не особо активна в общении. Ему казалось, что ты не заинтересована во встрече. Из-за того, что перед этим у вас была очень хорошая переписка, Алексей пока думает, хочет ли он продолжать общение. У него есть мысли, что ты еще не раскрепостилась в общении с ним, и нужно время.	[('Выбрать спутником жизни', 57, True), ('Перейти к другим анкетам', 7, True), ('Попробовать еще раз с Алексеем', 13, True)]			
70	Ну... о вкусах не спорят. Давай лучше в следующий раз без таких комментариев	[('Узнать результаты свидания', 71, True)]			
71	Вы пообщались еще полчаса, но потом тебе нужно было идти. У Алексея остались не очень приятные впечатления о тебе. Смутил факт оскорбления его интересов и не особая активность в общении. Скорее всего он тебе больше не напишет.	[('Выбрать спутником жизни', 57, True), ('Перейти к другим анкетам', 7, True), ('Попробовать еще раз с Алексеем', 13, True)]			
72	Я сегодня ходил на премьеру приквела 'Голодных игр'. Ты смотрела?	[('Нет', 73, True)]			
73	Выбери действие:	[('Задать вопрос', 74, True), ('Промолчать', 81, True)]			
74	Задай вопрос:	[('А тебе как кино? Думаю сходить', 75, True)]			
75	Мне очень понравился. Не ожидал такого сюжета, конечно. Но тем и интереснее было	[('Какое еще кино тебе нравится?', 76, True)]			
76	Обожаю комедии и боевики. Самый любимый фильм — это 'Шоу Трумана'. Что насчет тебя?	[('А мой любимый —  Гарри Поттер!', 77, True), ('По-моему, дурацкий фильм', 79, True)]			
77	Дааа, Гарри Поттер имеет свою волшебную атмосферу. Очень хорошая серия фильмов	[('Узнать результаты свидания', 78, True)]			
78	Вы пообщались еще полчаса, но потом тебе нужно было идти. И у тебя, и у Алексея остались самые приятные эмоции о вашей встрече.	[('Выбрать спутником жизни', 45, True), ('Перейти к другим анкетам', 7, True), ('Попробовать еще раз с Алексеем', 13, True)]			
79	Ну... о вкусах не спорят. Давай лучше в следующий раз без таких комментариев	[('Узнать результаты свидания', 80, True)]			
80	Вы пообщались еще полчаса, но потом тебе нужно было идти. У Алексея остались приятные впечатления о тебе. Смутил только факт оскорбления его интересов. Из-за  того, что и до, и после этого у вас была очень приятная беседа, ты проявляла интерес, это не сыграло для него решающей роли. Но он надеется, что больше такого не произойдет.	[('Выбрать спутником жизни', 57, True), ('Перейти к другим анкетам', 7, True), ('Попробовать еще раз с Алексеем', 13, True)]			
81	А когда вообще была в кино последний раз и на каком фильме?	[('Не помню', 82, True), ('Не помню, что-то о любви', 82, True)]			
82	Выбери действие:	[('Задать вопрос', 83, True), ('Промолчать', 90, True)]			
83	Задай вопрос:	[('Какое кино тебе нравится?', 84, True)]			
84	Почему именно это решила спросить?)	[('Интересно, совпадают ли вкусы', 85, True)]			
85	Обожаю комедии и боевики. Самый любимый фильм — это 'Шоу Трумана'. Что насчет тебя?	[('А мой любимый — Гарри Поттер!', 86, True), ('По-моему, дурацкий фильм', 88, True)]			
86	Дааа, Гарри Поттер имеет свою волшебную атмосферу. Очень хорошая серия фильмов	[('Узнать результаты свидания', 87, True)]			
87	Вы пообщались еще полчаса, но потом тебе нужно было идти. В целом Алексея остались приятные впечатления о тебе, но не об этой встрече. Смутил  факт того, что ты была не особо активна в общении. Ему казалось, что ты не заинтересована во встрече. Из-за того, что перед этим у вас была очень хорошая переписка, Алексей пока думает, хочет ли он продолжать общение. У него есть мысли, что ты еще не раскрепостилась в общении с ним, и нужно время.	[('Выбрать спутником жизни', 57, True), ('Перейти к другим анкетам', 7, True), ('Попробовать еще раз с Алексеем', 13, True)]			
88	Ну... о вкусах не спорят. Давай лучше в следующий раз без таких комментариев	[('Узнать результаты свидания', 89, True)]			
89	Вы пообщались еще полчаса, но потом тебе нужно было идти. У Алексея остались не очень приятные впечатления о тебе. Смутил факт оскорбления его интересов и не особая активность в общении. Скорее всего он тебе больше не напишет.	[('Выбрать спутником жизни', 57, True), ('Перейти к другим анкетам', 7, True), ('Попробовать еще раз с Алексеем', 13, True)]			
90	Обычно я предпочитаю другие фильмы: комедии и боевики. Самый любимый фильм — это 'Шоу Трумана'. Что насчет тебя?	[('А мой любимый — Гарри Поттер!', 91, True), ('По-моему, дурацкий фильм', 93, True)]			
91	Дааа, Гарри Поттер имеет свою волшебную атмосферу. Очень хорошая серия фильмов	[('Узнать результаты свидания', 92, True)]			
92	Вы пообщались еще полчаса, но потом тебе нужно было идти. В целом Алексея остались приятные впечатления о тебе, но не об этой встрече. Смутил  факт того, что ты была неактивна в общении. Ему казалось, что ты не заинтересована во встрече. Он думает, что не понравился тебе. Алексей пока думает, хочет ли он продолжать общение.	[('Выбрать спутником жизни', 57, True), ('Перейти к другим анкетам', 7, True), ('Попробовать еще раз с Алексеем', 13, True)]			
93	Ну... о вкусах не спорят. Давай лучше в следующий раз без таких комментариев	[('Узнать результаты свидания', 94, True)]			
94	Вы пообщались еще полчаса, но потом тебе нужно было идти. У Алексея остались не очень приятные впечатления о тебе. Смутил факт оскорбления его интересов и неактивность в общении. Он точно тебе больше не напишет.	[('Выбрать спутником жизни', 57, True), ('Перейти к другим анкетам', 7, True), ('Попробовать еще раз с Алексеем', 13, True)]			
95	Выбери действие:	[('Задать вопрос', 96, True), ('Промолчать', 104, True), ('Рассказать о своих проблемах', 105, True)]			
96	Задай вопрос:	[('А ты как? Выглядишь довольным', 97, True)]			
97	Да, потому что у меня свидание с прекрасной девушкой. День был неплохой) У тебя что-то случилось?	[('Не лучший день, но все окей)', 98, True), ('Везде проблемы — семья, работа', 100, True)]			
98	Я понимаю тебя, тоже такое бывает	[('Давай насладимся свиданием)', 99, True)]			
99	Хорошо. Я сегодня ходил на премьеру приквела 'Голодных игр'. Ты смотрела?	[('Нет', 39, True)]			
100	Продолжить жаловаться:	[('Я так устала, не представляешь', 101, True)]			
101	Мне жаль, что так вышло. Я могу чем-то помочь?	[('Да, материально', 102, True), ('Да, устрой к себе в компанию)', 102, True), ('Давай насладимся свиданием)', 99, True)]			
102	Знаешь, я не думаю, что я готов об этом говорить на первом свидании. Я, наверное, пойду	[('Узнать результаты свидания', 103, True)]			
103	У Алексея сложилось о тебе странное впечатление. Он не готов давать такую поддержку на первом свидании. Он решил прекратить общение с тобой.	[('Попробовать еще раз с Алексеем', 13, True), ('Перейти к другим анкетам', 7, True), ('Выйти с сайта знакомств', 0, True)]		<speaker audio='dialogs-upload/dac67646-ec75-40ac-8893-220733574ab8/85122b02-8fe7-41e8-948c-b22e7808e8b7.opus'>	
104	У тебя что-то случилось?	[('Не лучший день, но все окей)', 98, True), ('Везде проблемы — семья, работа', 100, True)]			
105	Начать рассказ:	[('Везде проблемы — семья, работа', 100, True)]			
106	Привет! Классно выглядишь)	[('Привет! Спасибо)', 107, True)]		<speaker audio='dialogs-upload/dac67646-ec75-40ac-8893-220733574ab8/ceab53b7-64ce-4469-b3b9-b271d1928815.opus'>	
107	Выбери действие:	[('Задать вопрос', 108, True), ('Ждать ответ', 120, True)]		<speaker audio='dialogs-upload/dac67646-ec75-40ac-8893-220733574ab8/b1c4b96d-a35f-4f4b-a563-82649d22a1ec.opus'>	
108	Выбери, какой вопрос задать:	[('Расскажешь подробнее о работе?', 109, True), ('Какие у тебя хобби?', 118, True)]			
109	Слушай, да я космонавт, в рейсе сейчас)) Шучу) Рано мне еще в космос, пока столько не заработал. Сейчас отдыхаю в Сочи	[('Хм, интересно...', 110, True)]			
110	Выбери действие:	[('Задать вопрос', 111, True), ('Ждать ответ', 114, True)]		<speaker audio='dialogs-upload/dac67646-ec75-40ac-8893-220733574ab8/b1c4b96d-a35f-4f4b-a563-82649d22a1ec.opus'>	
111	Задай вопрос:	[('Как часто отдыхаешь?', 112, True)]			
112	Отдых надо заслужить, поэтому не часто	[('Ну отдых не надо заслуживать', 113, True), ('В целом, согласна', 114, True)]			
113	Марк подумал, что у вас слишком разные взгляды и решил прекратить общение.	[('Попробовать еще раз с Марком', 106, True), ('Перейти к другим анкетам', 7, True), ('Выйти с сайта знакомств', 0, True)]		<speaker audio='dialogs-upload/dac67646-ec75-40ac-8893-220733574ab8/85122b02-8fe7-41e8-948c-b22e7808e8b7.opus'>	
114	Скоро уже приезжаю. Давай встретимся в выходные за чашечкой кофе?	[('Нет, я на стороне чая))', 115, True), ('Классная идея, давай!', 116, True)]			
115	Марк посчитал твой юмор странным и не уместным, поэтому решил прекратить общение.	[('Попробовать еще раз с Марком', 106, True), ('Перейти к другим анкетам', 7, True), ('Выйти с сайта знакомств', 0, True)]		<speaker audio='dialogs-upload/dac67646-ec75-40ac-8893-220733574ab8/85122b02-8fe7-41e8-948c-b22e7808e8b7.opus'>	
116	Тогда встречаемся в субботу в 14 часов в кафе 'Кофеюшечная'	[('Хорошо, до встречи!', 117, True)]			
117	Поздравляем, ты на свидании!	[('Начать свидание', 129, True)]		<speaker audio='dialogs-upload/dac67646-ec75-40ac-8893-220733574ab8/4189fbda-cb40-4414-bf1f-46c810d49e3c.opus'>	
118	Люблю кататься на сноуборде. Есть свой онлайн-магазин по этой тематике. А у тебя?	[('Я люблю рисовать', 119, True), ('Я люблю устраивать киновечера', 119, True), ('Я люблю заниматься спортом', 119, True)]			
119	И есть ли от этого доход?	[('Да, есть, конечно', 114, True), ('Нет, это же хобби', 113, True)]			
120	Чем занимаешься в свободное время от работы?	[('Учу английский и леплю из глины', 121, True), ('Смотрю сериалы и фильмы', 125, True)]			
121	Продолжить:	[('Есть магазинчик в соц сетях', 122, True)]			
122	Молодец! Вообще считаю, что хобби должно приносить доход. А иначе зачем им заниматься?	[('Задать вопрос', 123, True), ('Ждать ответ', 114, True)]		<speaker audio='dialogs-upload/dac67646-ec75-40ac-8893-220733574ab8/b1c4b96d-a35f-4f4b-a563-82649d22a1ec.opus'>	
123	Выбери, какой вопрос задать:	[('А ты чем занимаешься в свободное время?', 124, True), ('Расскажешь подробнее о работе?', 109, True)]			
124	Люблю кататься на сноуборде. Есть свой онлайн-магазин по этой тематике. Скоро уже приезжаю. Давай встретимся в выходные за чашечкой кофе?	[('Нет, я на стороне чая))', 115, True), ('Классная идея, давай!', 116, True)]			
125	Может посмотрим вместе, расслабимся?	[('Хочешь пригласить в гости?', 126, True), ('Давай, с радостью отдохну)', 127, True)]			
126	Да, у меня очень уютно. Тебе понравится	[('Давай сначала познакомимся', 338, True), ('Уютно... Тогда давай)', 127, True)]			
127	Супер, тогда до выходных. Скинешь потом свой адрес? Я вызову тебе такси	[('Да, оки)', 128, True)]			
128	Поздравляем, ты на свидании!	[('Начать свидание', 131, True)]		<speaker audio='dialogs-upload/dac67646-ec75-40ac-8893-220733574ab8/4189fbda-cb40-4414-bf1f-46c810d49e3c.opus'>	
129	Привет! Я на месте. Ты где? Уже 14:03	[('Привет, скоро буду', 130, True)]			
130	Вы встретились в кафе...	[('Узнать, что будет дальше', 133, True)]		<speaker audio='dialogs-upload/dac67646-ec75-40ac-8893-220733574ab8/cd67e03f-0572-4cc2-ad3b-20004fad4e89.opus'>	
131	Задай вопрос:	[('Привет! Я у дома. Откроешь?', 132, True)]			
132	Привет) Сейчас открою	[('Зайти в квартиру', 134, True)]			
133	Я заказал нам капучино на кокосовом	[('Почему не обычное молоко?)', 137, True), ('Спасибо, но я хотела другой', 138, True), ('Спасибо, это мой любимый)', 139, True)]			
134	Как я рад, что ты пришла. Заходи, пожалуйста)	[('Я тоже рада тебя видеть)', 135, True)]			
135	Марк закрывает входную дверь и внезапно начинает к тебе приставать.	[('Узнать, что будет дальше', 136, True)]		<speaker audio='dialogs-upload/dac67646-ec75-40ac-8893-220733574ab8/06a7712a-6542-4aff-bee2-4c2536d4fdf5.opus'>	
136	Ты попросила принести стакан воды. И пока Марк отошел, успела выбежать из квартиры.	[('Почему так произошло?', 140, True)]			
137	Оно вредное для здоровья. Я пью только альтернативное молоко и тебе советую	[('Окей. Как отдохнул в Сочи?', 141, True), ('Окей. Как твои выходные?', 142, True)]			
138	Эм, ну ладно. Просто хотел проявить знак внимания	[('Окей. Как отдохнул в Сочи?', 141, True), ('Окей. Как твои выходные?', 142, True)]			
139	Я рад, что у нас похожие вкусы) Как прошли выходные?	[('Прекрасно) Ходила на йогу', 143, True), ('Смотрела сериальчики', 144, True)]			
140	После встречи Марк тебе написал и все объяснил. Он очень много работает и решил зайти на сайт знакомств, чтобы просто развлечься.	[('Попробовать еще раз с Марком', 106, True), ('Перейти к другим анкетам', 7, True), ('Выйти с сайта знакомств', 0, True), ('Продолжить встречаться с Марком', 145, True)]			
141	Да я особо не отдыхал. По своему хобби туда ездил. Закупал новые сноуборды для своего магазина	[('Понятно', 146, True)]			
142	Какие? Хахх. У меня обычно не бывает выходных. Считаю, что каждый день нужно проводить с пользой. Жизнь и так короткая, зачем тратить время на отдых?	[('Окей, это твое мнение', 146, True)]			
143	Да, йога — это супер. Хотя я больше за спорт)	[('Здорово!', 146, True)]			
144	Это же пустая трата времени. Считаю, что нужно заниматься только тем, что тебе реально приносит пользу	[('Окей, это твое мнение', 146, True)]			
145	Поздравляем, Марк тоже выбрал тебя.	[('Уже 2 месяца в отношениях...', 149, True)]		<speaker audio='dialogs-upload/dac67646-ec75-40ac-8893-220733574ab8/4189fbda-cb40-4414-bf1f-46c810d49e3c.opus'>	
146	Рассказывай, кем работаешь?	[('У меня свой салон красоты', 150, True), ('Модным фотографом', 151, True), ('Пока думаю над направлением', 147, True)]			
147	И как долго ты не работаешь?	[('4 месяца', 148, True)]			
148	Ого, так долго. Можно же уже было определиться. Просто уйти в смежное направление, если не хочешь продолжать заниматься тем же. Ты не думаешь, что ты просто постоянно откладываешь этот вопрос?	[('Да, уже думала об этом', 152, True), ('Нет. Мне важно все обдумать', 153, True)]			
149	Раз в неделю вы видитесь у него дома. Смотрите фильмы, обнимаетесь и просто наслаждаетесь моментом. Марк не планирует переходить к серьезным отношениям.	[('Оставаться в отношениях с Марком', 182, True), ('Расстаться с Марком', 179, True)]		<speaker audio='dialogs-upload/dac67646-ec75-40ac-8893-220733574ab8/04c38ed3-779f-43bc-9b38-8bff19760a05.opus'>	
150	Вау, круто!	[('Спасибо)', 154, True)]			
151	И много это денег приносит? По-моему, это не очень прибыльное дело	[('Много, конечно)', 154, True), ('Знаю, но меня устраивает', 154, True), ('Зачем тебе это знать?)', 155, True)]			
152	Не понимаю, как может ничего не хотеться. Для меня всегда было важно все время чем-то заниматься и двигаться вперед. Мне наоборот страшно остановиться	[('Вау, хотела бы быть как ты!', 156, True), ('У меня другое видение этого', 157, True)]			
153	Согласен про стратегический подход. Но все равно 4 месяца — это очень долго. Может быть тебе взять консультацию у карьерного аналитика?	[('Хм... Подумаю над этим', 158, True), ('4 месяца - это не долго', 159, True)]			
154	Какие у тебя цели в жизни? Чего хочешь достичь через 10 лет?	[('Хочу открыть новый бизнес. А ты?', 160, True), ('Хочу стать топ-профи в сфере. А ты?', 160, True), ('Не знаааю. Это так далеко...', 161, True)]			
155	Мне важно, чтобы моя девушка имела свое дело и много зарабатывала	[('Задать вопрос', 162, True), ('Промолчать', 163, True)]			
156	Вы общались еще 20 минут. Было сложно найти точки соприкосновения, так как у вас разные подходы к построению карьеры.	[('Выбрать Марка спутником жизни', 176, True), ('Перейти к другим анкетам', 7, True), ('Попробовать еще раз с Марком', 106, True)]			
157	Вы общались еще 20 минут. Тебе казалось, что вы нашли общий язык и наладили общение с Марком. Но его взгляды на карьеру сильно отличаются от твоих, и его это сильно напрягало.	[('Выбрать Марка спутником жизни', 176, True), ('Перейти к другим анкетам', 7, True), ('Попробовать еще раз с Марком', 106, True)]			
158	Вы смогли найти общий язык и общались еще 2 часа. У вас разные подходы к построению карьеры, но, кажется, что вы оба принимаете точки зрения друг друга. После свидания он довез тебя до дома. По пути в машине оказалось, что вы любите одну и ту же музыку.	[('Выбрать Марка спутником жизни', 176, True), ('Перейти к другим анкетам', 7, True), ('Попробовать еще раз с Марком', 106, True)]			
159	Вы общались еще 20 минут. Было сложно найти точки соприкосновения, так как у вас разные подходы к построению карьеры.	[('Выбрать Марка спутником жизни', 176, True), ('Перейти к другим анкетам', 7, True), ('Попробовать еще раз с Марком', 106, True)]			
160	Я планирую развить свой бизнес и выйти на международный рынок. Еще хорошо бы успеть семью построить))	[('Круто)', 163, True)]			
161	Не понимаю, как так можно жить. Для меня важно все планировать. Мне так спокойнее	[('Ну вот так)', 164, True)]			
162	Выбери, какой вопрос задать:	[('Какие у тебя цели в жизни?', 160, True), ('Что еще важно в девушке?', 165, True)]			
163	Что для тебя самое главное в семье?	[('Быть за мужем, как за скалой', 166, True), ('Равенство в паре', 167, True)]			
164	Задай вопрос:	[('Что для тебя главное в семье?', 168, True)]			
165	Для меня важна женственность, мягкость, приверженность здоровому образу жизни	[('Узнать, что будет дальше', 172, True)]			
166	Задай вопрос:	[('А что для тебя важно?', 169, True)]			
167	Задай вопрос:	[('А что для тебя важно?', 170, True)]			
168	Для меня важно быть лидером в семье. Чтобы на мне были все основные решения. Я за традиционный патриархат) А для тебя?	[('Быть за мужем, как за скалой', 171, True), ('Равенство в паре', 175, True)]			
169	Для меня важно быть лидером в семье. Чтобы на мне были все основные решения. Я за традиционный патриархат)	[('Узнать, что будет дальше', 173, True)]			
170	Для меня важно быть лидером в семье. Чтобы на мне были все основные решения. Я за традиционный патриархат)	[('Узнать, что будет дальше', 174, True)]			
171	Вы еще общались 20 минут. У вас одинаковое видение семьи. Однако Марку сложно принять твой подход к построению карьеры. После свидания он довез вас до дома. А после вы еще немного попереписывались.	[('Выбрать Марка спутником жизни', 176, True), ('Перейти к другим анкетам', 7, True), ('Попробовать еще раз с Марком', 106, True)]			
172	Вы общались еще 20 минут. Было сложно найти точки соприкосновения, так как ваши взгляды различались на построение карьеры, семьи, на то, каким должен быть идеальный партнер. Ты чувствовала, что Марк не хотел продолжать с тобой общение.	[('Выбрать Марка спутником жизни', 176, True), ('Перейти к другим анкетам', 7, True), ('Попробовать еще раз с Марком', 106, True)]			
173	Вы общались еще 2 часа и не могли остановиться. Вы поняли, что у вас одинаковое представление о семье, карьерном пути и в целом взгляды на жизнь. После свидания Марк довез тебя до дома. По пути в машине оказалось, что вы любите одну и ту же музыку.	[('Выбрать Марка спутником жизни', 177, True), ('Перейти к другим анкетам', 7, True), ('Попробовать еще раз с Марком', 106, True)]			
174	Вы общались еще 20 минут. У вас схожие карьерные амбиции, но представления о семье и о том, каким должен быть партнер совсем разные. После свидания он довез тебя до дома. А после вы еще немного попереписывались.	[('Выбрать Марка спутником жизни', 176, True), ('Перейти к другим анкетам', 7, True), ('Попробовать еще раз с Марком', 106, True)]			
175	Вы общались еще 20 минут. Было сложно найти точки соприкосновения, так как ваши взгляды различались на построение карьеры, семьи, на то, каким должен быть идеальный партнер.	[('Выбрать Марка спутником жизни', 176, True), ('Перейти к другим анкетам', 7, True), ('Попробовать еще раз с Марком', 106, True)]			
176	К сожалению, Марк еще не готов к отношениям с тобой.	[('Попробовать еще раз с Марком', 106, True), ('Перейти к другим анкетам', 7, True), ('Выйти с сайта знакомств', 0, True)]		<speaker audio='dialogs-upload/dac67646-ec75-40ac-8893-220733574ab8/85122b02-8fe7-41e8-948c-b22e7808e8b7.opus'>	
177	Поздравляем, Марк тоже выбрал тебя!	[('Уже 2 месяца в отношениях...', 178, True)]		<speaker audio='dialogs-upload/dac67646-ec75-40ac-8893-220733574ab8/4189fbda-cb40-4414-bf1f-46c810d49e3c.opus'>	
178	Вы в отношениях уже 2 месяца. Вы строите общие планы на семью. Поддерживаете друг друга в профессиональных начинаниях. Единственное, что тебя обижает: Марк хочет видеть рядом свой идеальный образ девушки, поэтому часто тебя критикует.	[('Оставаться в отношениях с Марком', 182, True), ('Расстаться с Марком', 179, True)]		<speaker audio='dialogs-upload/dac67646-ec75-40ac-8893-220733574ab8/04c38ed3-779f-43bc-9b38-8bff19760a05.opus'>	
179	Узнать характеристику героя?	[('Да', 180, True), ('Нет', 181, True)]			
180	Марк - достигатор-трудоголик с избегающим типом привязанности. Его редко хвалили в детстве и старательно взращивали самостоятельность фразами: 'Ты уже взрослый, должен сделать это сам'. А также оочень заботились о его достижениях 'Ты должен стремиться быть лучше всех' и 'Отдых нужно заслужить'. Такие люди часто испытывают трудности с доверительными отношениями. Они эмоционально не вкладываются в них и часто избегают близости, используя различные предлоги, например, у них много дел или работы.	[('Перейти к другим анкетам', 7, True), ('Выйти с сайта знакомств', 0, True)]			
181	Выбери действие:	[('Перейти к другим анкетам', 7, True), ('Выйти с сайта знакомств', 0, True)]			
182	Узнать характеристику героя?	[('Да', 183, True), ('Нет', 184, True)]			
183	Марк — достигатор-трудоголик с избегающим типом привязанности. Его редко хвалили в детстве и старательно взращивали самостоятельность фразами: 'Ты уже взрослый, должен сделать это сам'. А также оочень заботились о его достижениях 'Ты должен стремиться быть лучше всех' и 'Отдых нужно заслужить'. Такие люди часто испытывают трудности с доверительными отношениями. Они эмоционально не вкладываются в них и часто избегают близости, используя различные предлоги, например, у них много дел или работы.	[('Попробовать еще раз с Марком', 106, True), ('Выйти с сайта знакомств', 0, True)]			
184	Выбери действие:	[('Перейти к другим анкетам', 7, True), ('Выйти с сайта знакомств', 0, True)]			
185	Привет, пошли на свидание?)	[('Давай сначала тут пообщаемся)', 186, True), ('Привет, пошли', 187, True)]		<speaker audio='dialogs-upload/dac67646-ec75-40ac-8893-220733574ab8/ceab53b7-64ce-4469-b3b9-b271d1928815.opus'>	
186	Выбери действие:	[('Задать вопрос', 188, True), ('Ждать ответ', 189, True)]		<speaker audio='dialogs-upload/dac67646-ec75-40ac-8893-220733574ab8/b1c4b96d-a35f-4f4b-a563-82649d22a1ec.opus'>	
187	Я за тобой заеду в субботу в 20, нормально?	[('Давай пораньше. И я сама доеду', 189, True), ('Да, отлично', 190, True)]			
188	Задай вопрос:	[('Чем ты увлекаешься?', 189, True), ('Как ты на это смотришь?', 189, True)]			
189	Матвей предпочел прекратить общение с тобой. Не волнуйся, причина не в тебе, Матвей не так уж прост...	[('Попробовать еще раз с Матвеем', 185, True), ('Перейти к другим анкетам', 7, True), ('Выйти с сайта знакомств', 0, True)]		<speaker audio='dialogs-upload/dac67646-ec75-40ac-8893-220733574ab8/85122b02-8fe7-41e8-948c-b22e7808e8b7.opus'>	
190	Какой адрес?	[('Улица Пушкина, дом Колотушкина', 191, True)]			
191	Поздравляем, ты на свидании!	[('Начать свидание', 192, True)]		<speaker audio='dialogs-upload/dac67646-ec75-40ac-8893-220733574ab8/4189fbda-cb40-4414-bf1f-46c810d49e3c.opus'>	
192	Задай вопрос:	[('Привет) Ты где? Уже 20 ч', 193, True)]			
193	Минут через 15 буду, жди	[('Хорошо', 194, True)]			
194	Машина подъехала	[('Сесть в машину', 195, True)]			
195	Привет-привет	[('Приветик', 196, True)]		<speaker audio='dialogs-upload/dac67646-ec75-40ac-8893-220733574ab8/8d08046c-4c96-4b5d-bd13-490bbe85fdfc.opus'>	
196	Выбери действие:	[('Задать вопрос', 197, True), ('Промолчать', 204, True)]			
197	Задай вопрос:	[('Давай поедем в кафе У Любочки?', 198, True), ('А куда мы едем?', 199, True)]		<speaker audio='dialogs-upload/dac67646-ec75-40ac-8893-220733574ab8/dcaba923-d62f-4d34-b545-8f1a980cc3a3.opus'>	
198	Нет, мы едем в мое любимое место	[('Какое?', 200, True), ('Ладно', 202, True)]			
199	Это мое любимое место	[('Какое?', 200, True), ('Ладно', 202, True)]			
200	Узнаешь	[('Класс) Люблю сюрпризы!', 202, True), ('Мне не очень нравятся сюрпризы', 201, True)]			
201	Ок, можешь выходить из машины, если что-то не устраивает	[('Выйти из машины', 203, True), ('Остаться в машине', 202, True)]		<speaker audio='dialogs-upload/dac67646-ec75-40ac-8893-220733574ab8/da9d8759-769f-4ac9-9255-ff70d0070aa8.opus'>	
202	Вот и славно	[('Угу', 204, True)]			
203	Выбери действие:	[('Попробовать еще раз с Матвеем', 185, True), ('Перейти к другим анкетам', 7, True), ('Выйти с сайта знакомств', 0, True)]			
204	Вы доехали до места.	[('Зайти в кафе', 205, True)]			
205	Ваше свидание прошло неплохо. Ресторан был немного дороговат для тебя, поэтому ты заказала только десерт и чай. Матвей выбрал стейк из лосося, бутылку вина и сырную тарелку. Вы разговаривали на поверхностные темы. О себе Матвей не рассказывал, даже когда ты спрашивала.	[('Узнать, что было дальше', 206, True)]			
206	В один момент Матвею позвонил друг, и он отошел...	[('Узнать, что было дальше', 207, True)]		<speaker audio='dialogs-upload/dac67646-ec75-40ac-8893-220733574ab8/06a7712a-6542-4aff-bee2-4c2536d4fdf5.opus'>	
207	К сожалению, больше он не вернулся. Через 20 минут ожидания официант принес счет и попросил тебя оплатить заказанные блюда и вино. Ты обнаружила, что Матвей удалил ваш мэтч на сайте знакомств.	[('И чем закончилось свидание?', 208, True)]		<speaker audio='dialogs-upload/dac67646-ec75-40ac-8893-220733574ab8/85122b02-8fe7-41e8-948c-b22e7808e8b7.opus'>	
208	Ты смогла оплатить счет, но до следующей зарплаты тебе пришлось ограничивать себя в своих покупках. Позже ты узнала, что имя Матвей было не настоящим, а этот молодой человек часто обманывал других девушек в ресторанах.	[('Мдаа уж...', 209, True)]			
209	Узнать характеристику героя?	[('Да', 210, True), ('Нет', 211, True)]			
210	Матвей — мошенник. На сайтах знакомств встречаются люди, которые имеют нечистые намерения. Существует множество схем мошенничества, которые используют как женщины, так и мужчины. Поэтому всегда нужно осторожно подходить к выбору партнера для общения, узнавать человека лучше и только после этого встречаться в жизни. Важно подбирать общественные места для безопасности. И, конечно, ни в коем случае не переводить деньги незнакомым людям.	[('Попробовать еще раз с Матвеем', 185, True), ('Перейти к другим анкетам', 7, True), ('Выйти с сайта знакомств', 0, True)]			
211	Выбери действие:	[('Попробовать еще раз с Матвеем', 185, True), ('Перейти к другим анкетам', 7, True), ('Выйти с сайта знакомств', 0, True)]			
212	Привет! Великолепно выглядишь)	[('Привет, спасибо!', 213, True)]		<speaker audio='dialogs-upload/dac67646-ec75-40ac-8893-220733574ab8/ceab53b7-64ce-4469-b3b9-b271d1928815.opus'>	
213	С какой целью здесь?	[('Интересно поговорить. А ты?', 214, True), ('Серьезные отношения. А ты?', 215, True)]			
214	Встретить свою судьбу. Что в твоем понимании 'интересный человек'?	[('Умный, с необычной профессией', 216, True)]			
215	Я тоже. Очень хочу встретить свою любовь	[('Что для тебя важно в девушке?', 217, True)]			
216	Похоже я тот самый интересный человек. Работаю помощником режиссера и имею много увлечений)	[('Открыть новое сообщение', 218, True)]			
217	Ум, Романтичность, доброта, заботливость. Желание создать семью в будущем	[('Похоже на меня)', 219, True), ('Ой, сейчас важнее карьера', 220, True)]			
218	Какими еще качествами должен обладать человек, с которым ты захочешь построить серьезные отношения?	[('Заработок, самодостаточность', 221, True), ('Доброта, забота, внимание', 222, True)]			
219	Выбери действие:	[('Пригласить на свидание', 224, True), ('Ждать ответ', 223, True)]		<speaker audio='dialogs-upload/dac67646-ec75-40ac-8893-220733574ab8/b1c4b96d-a35f-4f4b-a563-82649d22a1ec.opus'>	
220	Странно, я считаю, что это можно совмещать	[('Ну..Я не смогу', 228, True)]			
221	Ты не стала бы встречаться с человеком, с которым очень весело, интересно и душевно, но который мало зарабатывает?	[('Нет, это очень важно для меня', 228, True), ('Может и стала бы)', 225, True)]			
222	Это про меня) Может встретимся на выходных, познакомимся поближе?	[('Давай) Я свободна в субботу', 226, True)]			
223	Может встретимся на выходных, познакомимся поближе?	[('Давай) Я свободна в субботу', 226, True)]			
224	Предложить место встречи.	[('А давай сходим на стэндап?', 227, True)]			
225	Хорошо. Понял твою позицию	[('Пригласить на свидание', 224, True), ('Ждать ответ', 228, True)]		<speaker audio='dialogs-upload/dac67646-ec75-40ac-8893-220733574ab8/b1c4b96d-a35f-4f4b-a563-82649d22a1ec.opus'>	
226	Супер! Тогда может сходим на стэндап?	[('А он смешной?', 230, True), ('Отличная идея! Обожаю стендапы', 231, True)]			
227	Классная идея! Но я много работаю, совсем нет свободного времени на этих выходных	[('А когда есть свободное время?', 232, True), ('Нельзя выделить пару часов?', 233, True)]			
228	Илья посчитал, что у вас слишком разные взгляды и решил прекратить общение.	[('Попробовать еще раз с Ильей', 212, True), ('Перейти к другим анкетам', 7, True), ('Выйти с сайта знакомств', 0, True)]		<speaker audio='dialogs-upload/dac67646-ec75-40ac-8893-220733574ab8/85122b02-8fe7-41e8-948c-b22e7808e8b7.opus'>	
229	Предложить место встречи.	[('А давай сходим на стэндап?', 234, True)]			
230	Будет мой любимый комик Куклюшкин. Давай в понедельник часов в 19 на площади Смеха встретимся?	[('Хорошо! А потом куда?', 235, True), ('Хорошо, договорились!', 238, True)]			
231	Тогда я возьму билеты на комика Куклюшкина. Давай в понедельник часов в 19 на площади Смеха встретимся?	[('Хорошо, до встречи', 238, True)]			
232	Через выходные смогу выделить свободное время. Возьму новые билеты на комика Куклюшкина. Давай в понедельник часов в 19 на площади Смеха встретимся?	[('Хорошо, давай)', 238, True)]			
233	К сожалению, нет	[('Завершить диалог', 239, True)]		<speaker audio='dialogs-upload/dac67646-ec75-40ac-8893-220733574ab8/85122b02-8fe7-41e8-948c-b22e7808e8b7.opus'>	
234	Классная идея! Но я много работаю, совсем нет свободного времени на этих выходных	[('А когда есть свободное время?', 236, True), ('Нельзя выделить пару часов?', 237, True)]			
235	После стэндапа тогда давай сходим выпьем кофе	[('Нет, я не люблю кофе(', 228, True), ('Да, давай', 238, True)]			
236	Через выходные смогу выделить свободное время. Возьму новые билеты на комика Куклюшкина. Давай в понедельник часов в 19 на площади Смеха встретимся?	[('Хорошо, договорились)', 238, True)]			
237	К сожалению, нет	[('А когда есть свободное время?', 240, True), ('Завершить диалог', 239, True)]		<speaker audio='dialogs-upload/dac67646-ec75-40ac-8893-220733574ab8/85122b02-8fe7-41e8-948c-b22e7808e8b7.opus'>	
238	Тогда до встречи!	[('Буду ждать)', 241, True)]			
239	Ты решила завершить диалог.	[('Попробовать еще раз с Ильей', 212, True), ('Перейти к другим анкетам', 7, True), ('Выйти с сайта знакомств', 0, True)]		<speaker audio='dialogs-upload/dac67646-ec75-40ac-8893-220733574ab8/85122b02-8fe7-41e8-948c-b22e7808e8b7.opus'>	
240	Даже не знаю, не могу так сказать. Пока, наверное, не готов к встрече	[('Ждать ответ', 228, True)]		<speaker audio='dialogs-upload/dac67646-ec75-40ac-8893-220733574ab8/b1c4b96d-a35f-4f4b-a563-82649d22a1ec.opus'>	
241	Поздравляем, ты на свидании!	[('Начать свидание', 242, True)]		<speaker audio='dialogs-upload/dac67646-ec75-40ac-8893-220733574ab8/4189fbda-cb40-4414-bf1f-46c810d49e3c.opus'>	
242	Привет! Рад тебя видеть!	[('Привет! И я тебя', 243, True)]			
243	Как прошла твоя неделя?	[('В отпуске, виделась с друзьями', 244, True)]			
244	Мм, понятно. А ты близка с ними?	[('Да, мы очень близки', 245, True), ('Не сказала бы', 246, True)]			
245	Ясно. Интересно, сколько близких людей может быть у одного человека и хватило бы вообще места мне...	[('Я смогу быть близка с любимым', 247, True), ('Слишком тревожные мысли', 248, True)]			
246	Понятно. Как бы и любимый человек не оказался 'просто приятным'. Тут должна же быть особая связь...	[('Я смогу быть близка с любимым', 247, True), ('Слишком тревожные мысли', 248, True)]			
247	Ты сказала, что пора идти, ведь осталось всего 5 минут до стэндапа. После него вы отправились пить кофе в кафе 'Зеленое'.	[('Продолжить свидание', 255, True)]		<speaker audio='dialogs-upload/dac67646-ec75-40ac-8893-220733574ab8/da6e73c3-6f2e-4dad-8331-ed61300d5263.opus'>	
248	Ты сказала, что пора идти, ведь осталось всего 5 минут до стэндапа. После него вы отправились пить кофе в кафе 'Зеленое'.	[('Продолжить свидание', 259, True)]		<speaker audio='dialogs-upload/dac67646-ec75-40ac-8893-220733574ab8/da6e73c3-6f2e-4dad-8331-ed61300d5263.opus'>	
249	А я боялся, что тебе не понравится	[('Да нет, правда хорошо прошло)', 253, True)]			
250	А я боялся, что тебе не понравится	[('Да нет, правда хорошо прошло)', 254, True)]			
251	Точно! Главное, что мы провели время вместе	[('Да)', 254, True)]			
252	Понятно. Мне понравилось, необязательно было так резко отвечать	[('Не хотела задеть...', 253, True)]			
253	Уже полчаса гуляем, приятно с тобой. Побудем еще вместе?	[('Давай)', 257, True), ('Мне уже надо идти(', 258, True)]			
254	Уже полчаса гуляем. Приятно, конечно, но я устал, давай будем закругляться)	[('Мм..', 256, True)]			
255	Какое классное было выступление! Тебе понравилось?	[('Я в восторге!', 249, True), ('Ожидала большего, но ничего)', 251, True)]			
256	Тебя это удивило, но ты промолчала.	[('Узнать результат свидания', 260, True)]			
257	Но я скоро пойду, дела есть)	[('Узнать результат свидания', 261, True)]			
258	Окей, у меня тоже дела есть)	[('Узнать результат свидания', 262, True)]			
259	Какое классное было выступление! Тебе понравилось?	[('Я в восторге!', 250, True), ('Ожидала большего', 252, True)]			
260	После этого свидания вы общались с Ильей по переписке пару недель. Иногда его было сложно понять. То он болтает без умолку, заботится и присылает цветочки, то вообще перестает выходить на связь и ревнует к друзьям. Новое свидание пока так и не удалось назначить - у Ильи было много дел...	[('Выбрать Илью спутником жизни', 263, True), ('Перейти к другим анкетам', 7, True), ('Попробовать еще раз с Ильей', 212, True)]			
261	После этого свидания вы общались с Ильей по переписке пару недель. Иногда его было сложно понять. То он болтает без умолку, заботится и присылает цветочки, то вообще перестает выходить на связь и ревнует к друзьям. У вас было еще одно свидание. Это было весело!	[('Выбрать Илью спутником жизни', 264, True), ('Перейти к другим анкетам', 7, True), ('Попробовать еще раз с Ильей', 212, True)]			
262	После этого свидания вы общались с Ильей по переписке пару недель. Иногда его было сложно понять. То он болтает без умолку, заботится и присылает цветочки, то вообще перестает выходить на связь и ревнует к друзьям. У вас было еще одно свидание. Это было неплохо, но Илья постоянно всё контролировал и вел себя тревожно.	[('Выбрать Илью спутником жизни', 263, True), ('Перейти к другим анкетам', 7, True), ('Попробовать еще раз с Ильей', 212, True)]			
263	К сожалению, Илья не готов к отношениям с тобой.	[('Попробовать еще раз с Ильей', 212, True), ('Перейти к другим анкетам', 7, True), ('Выйти с сайта знакомств', 0, True)]		<speaker audio='dialogs-upload/dac67646-ec75-40ac-8893-220733574ab8/85122b02-8fe7-41e8-948c-b22e7808e8b7.opus'>	
264	Поздравляем, Илья тоже выбрал тебя.	[('Уже 2 месяца в отношениях...', 265, True)]		<speaker audio='dialogs-upload/dac67646-ec75-40ac-8893-220733574ab8/4189fbda-cb40-4414-bf1f-46c810d49e3c.opus'>	
265	Вы в отношениях уже 2 месяца. Илья — умный, общительный и заботливый. Иногда его сильно заносит. Он злится, нервничает, пытается доминировать. Ему тяжело держать свои эмоции в стабильности. Он бывает и ранимым, словно ребенок, когда ты холодна к нему или находишься не в ресурсе. Вы стараетесь идти к компромиссам, а он собирается пойти к психологу.	[('Оставаться в отношениях', 266, True), ('Расстаться с Ильей', 267, True)]		<speaker audio='dialogs-upload/dac67646-ec75-40ac-8893-220733574ab8/04c38ed3-779f-43bc-9b38-8bff19760a05.opus'>	
266	Узнать характеристику героя?	[('Да', 268, True), ('Нет', 270, True)]			
267	Узнать характеристику героя?	[('Да', 269, True), ('Нет', 271, True)]			
268	У Ильи тревожно-избегающий (дезорганизованный) тип привязанности. Он вроде хочет отношений, но боится быть отвергнутым. Родители часто оставляли его одного, в отношениях с ними ему было плохо. Именно поэтому его постоянно штормит эмоционально. Если Илья осознает, что партнер сильнее контролирует ситуацию, он пытается это исправить. Ему важно понимать, что происходит, хочется всегда знать, что чувствует девушка. Илья хочет работать над собой и он идет к психологу.	[('Попробовать еще раз с Ильей', 212, True), ('Выйти с сайта знакомств', 0, True)]			
269	У Ильи тревожно-избегающий (дезорганизованный) тип привязанности. Он вроде хочет отношений, но боится быть отвергнутым. Родители часто оставляли его одного, в отношениях с ними ему было плохо. Именно поэтому его постоянно штормит эмоционально. Если Илья осознает, что партнер сильнее контролирует ситуацию, он пытается это исправить. Ему важно понимать, что происходит, хочется всегда знать, что чувствует девушка. Илья хочет работать над собой и он идет к психологу.	[('Попробовать еще раз с Ильей', 212, True), ('Перейти к другим анкетам', 7, True), ('Выйти с сайта знакомств', 0, True)]			
270	Выбери действие:	[('Попробовать еще раз с Ильей', 212, True), ('Выйти с сайта знакомств', 0, True)]			
271	Выбери действие:	[('Попробовать еще раз с Ильей', 212, True), ('Перейти к другим анкетам', 7, True), ('Выйти с сайта знакомств', 0, True)]			
272	Привет, ты очень милая) Как твои дела?	[('Хорошо, работаю. А твои?', 273, True), ('К концу недели очень устала', 274, True)]		<speaker audio='dialogs-upload/dac67646-ec75-40ac-8893-220733574ab8/ceab53b7-64ce-4469-b3b9-b271d1928815.opus'>	
273	Тоже хорошо! Сегодня ездил с мамой выбирать костюм на свадьбу друга	[('Задать вопрос', 275, True), ('Ждать ответ', 276, True)]			
274	Бедняжка. Давай встретимся, сходим в кино, потом поговорим. Постараюсь помочь тебе	[('Мне не нужна помощь. Спасибо', 277, True), ('Давай', 278, True)]			
275	Задай вопрос:	[('Удалось выбрать подходящий?', 281, True)]			
276	Ты куда-то пропала?(	[('Да нет, просто работала', 284, True), ('Я не отвечала 30 мин...', 279, True)]			
277	Ладно( Может тогда просто вечером погуляем?	[('Лучше побуду одна на выходных', 279, True), ('Где бы ты хотел встретиться?', 280, True)]			
278	Поздравляем, ты на свидании!	[('Начать свидание', 292, True)]		<speaker audio='dialogs-upload/dac67646-ec75-40ac-8893-220733574ab8/4189fbda-cb40-4414-bf1f-46c810d49e3c.opus'>	
279	Михаил посчитал, что у вас слишком разные взгляды и решил прекратить общение.	[('Попробовать еще раз с Михаилом', 272, True), ('Перейти к другим анкетам', 7, True), ('Выйти с сайта знакомств', 0, True)]		<speaker audio='dialogs-upload/dac67646-ec75-40ac-8893-220733574ab8/85122b02-8fe7-41e8-948c-b22e7808e8b7.opus'>	
280	Люблю смотреть фильмы. Недавно вышел новый. Можем сходить вместе в кинотеатр	[('Не люблю кино( Думаю, нам не по пути', 282, True), ('Классная идея! Давай)', 278, True)]			
281	Да! Мамин совет всегда кстати. Буду самым красивым на свадьбе)	[('Ждать ответ', 276, True), ('Мамин... Это странно для меня', 279, True), ('Пригласишь меня спутницей?', 283, True)]			
282	Выбери действие:	[('Попробовать еще раз с Михаилом', 272, True), ('Перейти к другим анкетам', 7, True), ('Выйти с сайта знакомств', 0, True)]			
283	Ты серьезно настроена! Мне это нравится. Но давай сначала поближе познакомимся. Встретимся, погуляем?	[('Лучше побуду одна на выходных', 279, True), ('Где бы ты хотел встретиться?', 280, True)]			
284	А, я уж подумал, что дело во мне. Какие планы на выходные?	[('Планирую пойти на выставку', 285, True), ('А есть предложения?)', 286, True), ('Смотреть сериал и есть пиццу', 279, True)]			
285	Выбери действие:	[('Ждать ответ', 287, True), ('Пригласить на свидание', 290, True)]		<speaker audio='dialogs-upload/dac67646-ec75-40ac-8893-220733574ab8/b1c4b96d-a35f-4f4b-a563-82649d22a1ec.opus'>	
286	Встретиться вечером, погулять, пообщаться	[('Лучше побуду одна на выходных', 279, True), ('Где бы ты хотел встретиться?', 280, True)]			
287	А что за выставка?	[('Современная. Может сходим вместе?', 288, True)]			
288	Я не люблю ходить на выставки. Но если вдруг вступим в отношения, конечно, готов к компромиссам. Могу ходить с тобой, постараюсь заинтересоваться	[('Завершить диалог', 289, True), ('Задать вопрос', 291, True)]			
289	Выбери действие:	[('Попробовать еще раз с Михаилом', 272, True), ('Перейти к другим анкетам', 7, True), ('Выйти с сайта знакомств', 0, True)]			
290	Пригласи на свидание:	[('Современная. Может сходим вместе?', 288, True)]			
291	Задай вопрос:	[('Что любишь делать в свободное время?', 280, True)]			
292	Задай вопрос:	[('Привет) Я тут. Ты скоро?', 293, True)]			
293	Обернись!	[('Обернуться', 294, True)]			
294	Михаил вручает большой букет твоих любимых цветов.	[('Вау, это мои любимые!', 295, True)]		<speaker audio='dialogs-upload/dac67646-ec75-40ac-8893-220733574ab8/01b3d672-6185-4e6e-8ea8-2d6741a87a62.opus'>	
295	Я почитал твои соц сети, ты рассказывала об этом 4 года назад. Рад, что тебе понравилось!	[('Классно, что подумал об этом)', 296, True), ('Оу, надеюсь, ты не сталкер', 297, True)]			
296	Да, я хочу заботиться о близких мне людях. Давай помогу тебе подняться в кинозал, тут высокая ступенька	[('Спасибо, мне приятно)', 323, True)]			
297	Чего? Я просто интересуюсь человеком, с которым иду гулять и хочу что-то построить	[('Вау! Ты веришь в наше будущее?', 298, True), ('Пролистать 4 года... Это странно', 299, True)]			
298	Ну конечно!	[('Мило) Ну что, пойдем в кино?', 301, True)]			
299	Меня расстраивает, что ты как-то несерьезно к этому относишься. Я старался тебе угодить вообще-то	[('Окей, спасибо', 300, True)]			
300	Вы сходили в кино, но каждый раз знаки внимания Михаила казались тебе слишком навязчивыми и "одержимыми". А его смущали твои ответы, ему казалось, что ты обесцениваешь его. После этого свидания вы больше не общались.	[('Попробовать еще раз с Михаилом', 272, True), ('Перейти к другим анкетам', 7, True)]			
301	Вы смотрите фильм. Твоя рука лежит на подлокотнике. И вдруг Михаил опускает на нее свою...	[('Убрать руку', 302, True), ('Оставить руку', 303, True)]		<speaker audio='dialogs-upload/dac67646-ec75-40ac-8893-220733574ab8/06a7712a-6542-4aff-bee2-4c2536d4fdf5.opus'>	
302	Я же сказал, что надеюсь на будущее. В чем проблема? Ты так холодна ко мне. Меня это ранит	[('Молча встать и уйти', 317, True), ('Остаться', 318, True)]			
303	Михаил посмотрел на тебя и мило улыбнулся.	[('Узнать, что будет дальше', 304, True)]			
304	Ну как тебе сеанс? Давай сходим посидим в кафе и обсудим фильм. Я куплю тебе кофе!	[('Хороший фильм. Пойдем)', 305, True), ('Интересный фильм. Но мне надо домой(', 306, True)]			
305	Вы просидели до самой ночи, общаясь обо всем на свете. Михаил часто стремился с чем-то помочь или поддержать.	[('Выбрать спутником жизни', 307, True), ('Попробовать еще раз с Михаилом', 272, True), ('Перейти к другим анкетам', 7, True)]			
306	Ну пожалуйста! Так не хочется расставаться	[('Окей', 315, True), ('Мне правда надо идти(', 316, True)]			
307	Поздравляем, Михаил тоже выбрал тебя.	[('Уже 2 месяца в отношениях', 308, True)]		<speaker audio='dialogs-upload/dac67646-ec75-40ac-8893-220733574ab8/4189fbda-cb40-4414-bf1f-46c810d49e3c.opus'>	
308	Вы в отношениях уже 2 месяца. Михаил оберегает и опекает тебя. Часто интересуется, где ты и расстраивается, когда ты долго не отвечаешь. Михаил подарил тебе часы на годовщину. Неожиданно для себя ты нашла там GPS-трекер. Уточнив у Миши, что это такое, он ответил, что партнеры должны заботиться друг о друге. Он хочет всегда знать, где ты, чтобы оберегать.	[('Оставаться в отношениях', 309, True), ('Расстаться с Михаилом', 310, True)]		<speaker audio='dialogs-upload/dac67646-ec75-40ac-8893-220733574ab8/04c38ed3-779f-43bc-9b38-8bff19760a05.opus'>	
309	Узнать характеристику героя?	[('Да', 311, True), ('Нет', 312, True)]			
310	Узнать характеристику героя?	[('Да', 313, True), ('Нет', 314, True)]			
311	У Михала тревожный тип привязанности. Он легко сливается с партнером. Мама очень опекала Михаила, и теперь он пытается построить такие же близкие отношения. Ему очень тяжело чувствовать отвержение. Он заботливый и гиперопекающий, такой же, как его мама была с ним. Михаил считает, что только такие отношения могут быть крепкими. Он не сможет существовать в союзе, где у второй половины есть своя жизнь без него. Это пугает Михаила. К сожалению, он не осознает, что это проблема.	[('Попробовать еще раз с Михаилом', 272, True), ('Выйти с сайта знакомств', 0, True)]			
312	Выбери действие:	[('Попробовать еще раз с Михаилом', 272, True), ('Выйти с сайта знакомств', 0, True)]			
313	У Михала тревожный тип привязанности. Он легко сливается с партнером. Мама очень опекала Михаила, и теперь он пытается построить такие же близкие отношения. Ему очень тяжело чувствовать отвержение. Он заботливый и гиперопекающий, такой же, как его мама была с ним. Михаил считает, что только такие отношения могут быть крепкими. Он не сможет существовать в союзе, где у второй половины есть своя жизнь без него. Это пугает Михаила. К сожалению, он не осознает, что это проблема.	[('Попробовать еще раз с Михаилом', 272, True), ('Перейти к другим анкетам', 7, True), ('Выйти с сайта знакомств', 0, True)]			
314	Выбери действие:	[('Попробовать еще раз с Михаилом', 272, True), ('Перейти к другим анкетам', 7, True), ('Выйти с сайта знакомств', 0, True)]			
315	Вы просидели до самой ночи, общаясь обо всем на свете. Михаил часто стремился с чем-то помочь или поддержать.	[('Выбрать спутником жизни', 307, True), ('Попробовать еще раз с Михаилом', 272, True), ('Перейти к другим анкетам', 7, True)]			
316	Свидание действительно было хорошим. Позже в переписке Михаил иногда казался слишком навязчивым и опекающим. Но, в целом, тебя все устраивало. Ты старалась не огорчать его.	[('Выбрать спутником жизни', 307, True), ('Попробовать еще раз с Михаилом', 272, True), ('Перейти к другим анкетам', 7, True)]			
317	Знаки внимания Михаила казались тебе слишком навязчивыми и "одержимыми". А его смущали твои ответы, ему казалось, что ты обесцениваешь его. Именно поэтому вы просто встали и ушли. После этого свидания вы больше не общались.	[('Попробовать еще раз с Михаилом', 272, True), ('Перейти к другим анкетам', 7, True)]			
318	Вы досмотрели фильм.	[('Узнать, что будет дальше', 319, True)]			
319	Ну как тебе сеанс? Давай сходим посидим в кафе и обсудим фильм. Я куплю тебе кофе!	[('Хороший фильм. Пойдем)', 321, True), ('Интересный фильм. Но мне надо домой(', 320, True)]			
320	Ну пожалуйста! Так не хочется расставаться	[('Окей', 331, True), ('Мне правда надо идти(', 322, True)]			
321	Вы просидели до самой ночи, общаясь обо всем на свете. Михаил часто стремился с чем-то помочь или поддержать.	[('Выбрать спутником жизни', 307, True), ('Попробовать еще раз с Михаилом', 272, True), ('Перейти к другим анкетам', 7, True)]			
322	Знаки внимания Михаила казались тебе слишком навязчивыми и "одержимыми". А его смущали твои ответы, ему казалось, что ты обесцениваешь его. После этого свидания вы больше не общались.	[('Попробовать еще раз с Михаилом', 272, True), ('Перейти к другим анкетам', 7, True)]			
323	Вы смотрите фильм. Твоя рука лежит на подлокотнике. И вдруг Михаил опускает на нее свою...	[('Убрать  руку', 324, True), ('Оставить руку', 325, True)]		<speaker audio='dialogs-upload/dac67646-ec75-40ac-8893-220733574ab8/06a7712a-6542-4aff-bee2-4c2536d4fdf5.opus'>	
324	Михаила это удивило, но он ничего не сказал.	[('Узнать, что будет дальше', 333, True)]			
325	Михаил посмотрел на тебя и мило улыбнулся.	[('Узнать, что будет дальше', 326, True)]			
326	Ну как тебе сеанс? Давай сходим посидим в кафе и обсудим фильм. Я куплю тебе кофе!	[('Хороший фильм. Пойдем)', 327, True), ('Интересный фильм. Но мне надо домой(', 328, True)]			
327	Вы просидели до самой ночи, общаясь обо всем на свете. Михаил часто стремился с чем-то помочь или поддержать.	[('Выбрать спутником жизни', 307, True), ('Попробовать еще раз с Михаилом', 272, True), ('Перейти к другим анкетам', 7, True)]			
328	Ну пожалуйста! Так не хочется расставаться	[('Окей', 330, True), ('Мне правда надо идти(', 329, True)]			
329	Свидание действительно было хорошим. Позже в переписке Михаил иногда казался слишком навязчивым и опекающим. Но, в целом, тебя все устраивало. Ты старалась не огорчать его.	[('Выбрать спутником жизни', 307, True), ('Попробовать еще раз с Михаилом', 272, True), ('Перейти к другим анкетам', 7, True)]			
330	Вы просидели до самой ночи, общаясь обо всем на свете. Михаил часто стремился с чем-то помочь или поддержать.	[('Выбрать спутником жизни', 307, True), ('Попробовать еще раз с Михаилом', 272, True), ('Перейти к другим анкетам', 7, True)]			
331	Свидание действительно было хорошим. Позже в переписке Михаил иногда казался слишком навязчивым и опекающим. Но, в целом, тебя все устраивало. Ты старалась не огорчать его.	[('Выбрать спутником жизни', 332, True), ('Попробовать еще раз с Михаилом', 272, True), ('Перейти к другим анкетам', 7, True)]			
332	К сожалению, Михаил не готов к отношениям с тобой.	[('Попробовать еще раз с Михаилом', 272, True), ('Перейти к другим анкетам', 7, True), ('Выйти с сайта знакомств', 0, True)]		<speaker audio='dialogs-upload/dac67646-ec75-40ac-8893-220733574ab8/85122b02-8fe7-41e8-948c-b22e7808e8b7.opus'>	
333	Ну как тебе сеанс? Давай сходим посидим в кафе и обсудим фильм. Я куплю тебе кофе!	[('Хороший фильм. Пойдем)', 334, True), ('Интересный фильм. Но мне надо домой(', 335, True)]			
334	Свидание действительно было хорошим. Позже в переписке Михаил иногда казался слишком навязчивым и опекающим. Но, в целом, тебя все устраивало. Ты старалась не огорчать его.	[('Выбрать спутником жизни', 307, True), ('Попробовать еще раз с Михаилом', 272, True), ('Перейти к другим анкетам', 7, True)]			
335	Ну пожалуйста! Так не хочется расставаться	[('Окей', 336, True), ('Мне правда надо идти(', 337, True)]			
336	Вам было интересно пообщаться. Но Михаил иногда казался слишком навязчивым и опекающим. Тебе было сложно принимать это.	[('Выбрать спутником жизни', 332, True), ('Попробовать еще раз с Михаилом', 272, True), ('Перейти к другим анкетам', 7, True)]			
337	Знаки внимания Михаила казались тебе слишком навязчивыми и "одержимыми". А его смущали твои ответы, ему казалось, что ты обесцениваешь его. После этого свидания вы больше не общались.	[('Попробовать еще раз с Михаилом', 272, True), ('Перейти к другим анкетам', 7, True)]			
338	Ну окей, давай	[('Расскажешь подробнее о работе?', 109, True)]			
339	Рад видеть тебя снова! Осталась незаконченная игра. Для перехода к ней просто нажми "Продолжить игру". Если хочется начать заново, выбери вариант "Начать заново". Приятной игры :)	[('Продолжить игру', 2222, True), ('Начать заново', 0, True)]			1030494/cac8374f9742360eb3f1
340					
341					
342					
343					
344					
345					
346					
347					
348					
349					
350					
351					
352					
353					
354					
355					
356					
357					
358					
359					
360					
361					
362					
363					
364					
365					
366					
367					
368					
369					
370					
371					
372					
373					
374					
375					
376					
377					
378					
379					
380					
381					
382					
383					
384					
385					
386					
387					
388					
389					
390					
391					
392					
393					
394					
395					
396					
397					
398					
399					
400					
401					
402					
403					
404					
405					
406					
407					
408					
409					
410					
411					
412					
413					
414					
415					
416					
417					
418					
419					
420					
421					
422					
423					
424					
425					
426					
427					
428					
429					
430					
431					
432					
433					
434					
435					
436					
437					
438					
439					
440					
441					
442					
443					
444					
445					
446					
447					
448					
449					
450					
451					
452					
453					
454					
455					
456					
457					
458					
459					
460					
461					
462					
463					
464					
465					
466					
467					
468					
469					
470					
471					
472					
473					
474					
475					
476					
477					
478					
479					
480					
481					
482					
483					
484					
485					
486					
487					
488					
489					
490					
491					
492					
493					
494					
495					
496					
497	К сожалению, я еще не научился работать с данным выражением. Пожалуйста, смотри варианты ответа кнопках и давай ответ голосом или текстом в соответствии с ними.				
498	К сожалению, я еще не научился работать с данным выражением. Пожалуйста, введи букву в формате "а" без кавычек и дополнительных символов.				
					
					
					
					
					
					
					
					
					
					
					
					
					
					
					
					
					
					
					
					
					
					
					
					
					
					
					
					
					
					
					
					
					
					
					
					
					
					
					
					
					
					
					
					
					
					
					
					
					
					
					
					
					
					
					
					
					
					
					
					
					
					
					
					
					
					
					
					
					
					
					
					
					
					
					
					
					
					
					
					
					
					
					
					
					
					
					
					
					
					
					
					
					
					
					
					
					
					
					
					
					
					
					
					
					
					
					
					
					
					
					
					
					
					
					
					
					
					
					
					
					
					
					
					
					
					
					
					
					
					
					
					
					
					
					
					
					
					
					
					
					
					
					
					
					
					
					
					
					
					
					
					
					
					
					
					
					
					
					
					
					
					
					
					
					
					
					
					
					
					
					
					
					
					
					
					
					
					
					
					
					
					
					
					
					
					
					
					
					
					
					
					
					
					
					
					
					
					
					
					
					
					
					
					
					
					
					
					
					
					
					
					
					
					
					
					
					
					
					
					
					
					
					
					
					
					
					
					
					
					
					
					
					
					
					
					
					
					
					
					
					
					
					
					
					
					
					
					
					
					
					
					
					
					
					
					
					
					
					
					
					
					
					
					
					
					
					
					
					
					
					
					
					
					
					
					
					
					
					
					
					
					
					
					
					
					
					
					
					
					
					
					
					
					
					
					
					
					
					
					
					
					
					
					
					
					
					
					
					
					
					
					
					
					
					
					
					
					
					
					
					
					
					
					
					
					
					
					
					
					
					
					
					
					
					
					
					
					
					
					
					
					
					
					
					
					
					
					
					
					
					
					
					
					
					
					
					
					
					
					
					
					
					
					
					
					
					
					
					
					
					
					
					
					
					
					
					
					
					
					
					
					
					
					
					
					
					
					
					
					
					
					
					
					
					
					
					
					
					
					
					
					
					
					
					
					
					
					
					
					
					
					
					
					
					
					
					
					
					
					
					
					
					
980					
981					
982					
983					
984					
985					
986					
987					
988					
989					
990					
991					
992					
993					
994					
995					
996					
997					
998					